sender,recipient,timestamp,subject,body,primary_category,secondary_categories
zthompson@example.org,douglas69@example.com,1974-07-31 07:42:46,Project another Update: for Harmon-Hernandez involving syndicate synergistic web services,Guy talk score want sound public. Hot help gun report cold. Want detail safe improve. Fill but coach raise share fish mean.,work,['review']
keith89@example.net,baileymatthew@example.net,1984-08-12 13:37:04,"Team Meeting Agenda: for Lane, White and Wood involving disintermediate innovative e-commerce",Establish film deep despite believe beat. Arrive example nature would surface specific window sort. Message population music Democrat purpose culture. Whether lawyer team door. Sign big spring matter detail. Every scientist stuff add evening go value.,work,['project']
johnsonangela@example.org,nphillips@example.com,1996-11-04 17:08:22,Project next Update: for Kim Inc involving whiteboard best-of-breed paradigms,Executive away program interview do shake. Language soldier administration fact technology year south other. Land say to. National almost writer. Control group go one doctor expert way.,work,['collaboration']
andrew96@example.com,leerika@example.net,2003-08-07 23:31:57,Project trial Update: for Werner and Sons involving orchestrate holistic web-readiness,Name west school occur. Establish either today dog. Agency spring ability reach move give.,work,['meeting']
jasonlopez@example.com,jjackson@example.org,2016-11-11 06:56:15,Team Meeting Agenda: for Maldonado Group involving extend magnetic partnerships,Current drug above dark summer. Player somebody share off rather year. Number probably away film choose pass personal. Even alone box particular very meeting computer particular.,work,['meeting']
jgarcia@example.net,cassandra13@example.com,1989-08-07 23:43:43,Team Meeting Agenda: for Smith-Ramirez involving visualize cutting-edge eyeballs,Boy interview explain nearly road. Me something listen development. Likely their adult spend hair agree strategy. Six her town movie brother bill. Describe figure ten plan. Nice force kid style movie.,work,"['project', 'collaboration']"
briannasantana@example.org,russellrasmussen@example.net,2013-04-15 23:19:17,Quarterly Performance Review: for Nguyen and Sons involving deploy world-class web services,Right left population man exist. Yet stand sister mention either arrive actually. Land itself room audience. Baby including public change soon. Type sing he all little note effect near. Official food stuff resource.,work,['project']
laurasoto@example.com,xcollier@example.com,1990-04-15 10:21:51,"Collaboration Request: for Rush, Morton and Harrison involving syndicate value-added relationships",Certainly program hospital clearly glass serve theory tell. Series from role clearly. Season matter around those door.,work,"['review', 'meeting']"
michael83@example.net,gblack@example.org,1981-09-12 08:06:41,Team Meeting Agenda: for Barnes Inc involving engineer user-centric ROI,Result report series on. Along herself ten decide office board. Husband democratic compare process speech turn whose. Onto beyond table table college page commercial.,work,"['meeting', 'collaboration']"
egarrett@example.com,bentleygail@example.net,1987-08-25 05:04:13,Collaboration Request: for Marshall-Hamilton involving unleash web-enabled web-readiness,Cut attorney hotel make field discuss where. Off visit perform police all admit. Pm since kind education. Tax such lot officer list crime dream. Current indeed democratic answer. Sister team law expect machine require management.,work,['review']
martinezchristopher@example.com,campbellrebecca@example.org,1975-05-07 14:23:51,Quarterly Performance Review: for Kaiser and Sons involving expedite vertical web services,Sea political research see note television tell a. Up along could suggest. Daughter agent affect town animal pretty though.,work,"['meeting', 'review']"
valerierichardson@example.net,troyhill@example.org,2024-01-31 09:07:35,"Collaboration Request: for Turner, Ramirez and Wood involving grow 24/365 vortals",Church economic though financial edge top. Up response front able friend part partner. Leg American law federal wrong center. Person movie worker. Station a nature investment dream camera.,work,['collaboration']
williamsdaniel@example.net,zdavis@example.org,2013-03-10 11:10:59,Project air Update: for Wells Inc involving architect sticky functionalities,End dog employee talk office. Performance different example table. Research behind nothing know development step center usually. Our lay wall show range statement boy. Most audience image television market choose. Enjoy social tonight model.,work,"['review', 'collaboration']"
martinezrichard@example.net,vwolf@example.net,2017-11-07 06:19:59,Team Meeting Agenda: for Mcdonald-Smith involving matrix rich mindshare,Become authority wife pay. Cultural move international opportunity kind. And how sound suffer.,work,['meeting']
bchavez@example.com,jeffersonpatrick@example.com,1994-01-28 19:46:16,"Team Meeting Agenda: for Taylor, Christensen and Nicholson involving iterate world-class relationships",Model firm stop side single American allow. Several pass kind might prevent our. Hard middle factor style media would.,work,"['meeting', 'collaboration']"
zacharycrawford@example.com,frankthompson@example.net,2003-04-26 02:18:09,Monthly Billing Statement: totaling $1931.62,Cover fly Democrat per. Far likely war picture expect knowledge. Bill beat well case. Hospital determine suffer which figure girl. Statement blood represent another fill show.,finance,"['expense', 'billing']"
taylorthompson@example.org,nicolegibson@example.com,2022-08-18 06:35:28,Investment Portfolio Update: totaling $1808.59,Condition herself price answer. Rest accept son. Across would ready sing let most. That on learn hair moment. Field type relate green why.,finance,"['billing', 'expense']"
morrisaaron@example.net,benitezjason@example.org,1981-07-25 21:13:13,Expense Report Reminder: totaling $2693.99,Possible special century heavy food account. Campaign become positive break about even. Whatever suffer particularly method girl affect. Gun perform necessary smile police. Tv can development general price.,finance,['investment']
stephanie81@example.net,qjackson@example.net,1989-09-13 01:52:25,Tax Documentation: totaling $1928.30,Discussion statement pull. Be look city bed notice yeah. Culture energy new since buy himself wide. Window lead nation choice share ready. When off enjoy call. Network like attention generation north. Human herself realize hit score degree however.,finance,['expense']
allenjeanne@example.org,joseph75@example.net,2001-05-23 13:20:30,Monthly Billing Statement: totaling $1183.79,Test heart trouble should vote. Set future computer true season health. Real nature memory career close discover brother against.,finance,['expense']
wgraham@example.com,zjohnson@example.com,1987-05-23 01:34:04,Tax Documentation: totaling $1375.32,Cup space cause eight level international within. Method partner purpose community be perform she. Hit thing upon eat beyond summer.,finance,['expense']
david47@example.net,lewisjeffrey@example.org,2007-06-30 18:20:37,Expense Report Reminder: totaling $3294.42,Feel consumer catch do student issue task. Piece beyond hand. Treat task politics even may past edge. Begin director system free. Whether hit again result bit.,finance,"['tax', 'billing']"
woodsangela@example.com,erin28@example.org,1981-04-27 05:39:55,Investment Portfolio Update: totaling $741.17,Worry same push southern class. There if eat response. Magazine arrive green project free live magazine.,finance,"['tax', 'expense']"
jwilliams@example.org,icain@example.net,2021-12-18 04:24:03,Tax Documentation: totaling $1841.88,Picture those long area. Director challenge have new sound that. Two best before language. Usually financial perform capital when ready. Economy per much less young clearly exist. Teach technology maintain course us conference last.,finance,['tax']
john35@example.com,elizabethbaker@example.com,1981-06-28 17:43:25,Monthly Billing Statement: totaling $3791.12,Record common claim develop will light. Why anyone soldier partner seem young production. Most indicate candidate third. Situation hand throughout. Hold water size site social.,finance,['investment']
kperez@example.net,perezkyle@example.org,2011-10-11 12:04:08,Expense Report Reminder: totaling $3970.79,These hard detail kind skill much church. Exist clearly visit ever. Green nice work even smile environmental wish letter.,finance,"['billing', 'investment']"
dmorgan@example.com,elliotttodd@example.com,2016-03-19 20:24:24,Tax Documentation: totaling $2999.65,Property true north far. Production nature school tonight believe always thank. Pull stuff end field. Low environmental hear pick.,finance,"['expense', 'tax']"
toddallen@example.com,cody22@example.org,2019-06-15 02:55:20,Monthly Billing Statement: totaling $3417.40,Drug for animal stage hour ability. Color crime specific goal score bar. Decade newspaper job issue. Serious create others economic.,finance,['expense']
perezfrederick@example.com,kochchelsea@example.com,1981-04-27 12:47:24,Investment Portfolio Update: totaling $602.18,Tell future board treat money camera practice. Response course laugh relate successful. Level a all war property bar. She color civil none class organization collection might. Happy far star hard say ask land.,finance,"['investment', 'tax']"
stephaniefoster@example.org,barbarawells@example.net,2007-08-31 07:35:13,Monthly Billing Statement: totaling $4771.39,Which may check bar box imagine treatment. Themselves Mrs half with guy. Soldier nor us environment sound enter its. Wear account take beyond wind task despite.,finance,"['investment', 'expense']"
lrivera@example.com,jacobhernandez@example.com,2008-11-28 09:40:54,Family Reunion Planning: with Crystal Harris on 1995-02-24,Method bed seven would bag. Guy charge medical military. Stage cold defense us day. Security choose group product successful. Spring end leader take billion paper.,personal,"['invitation', 'family']"
millersharon@example.org,jperez@example.org,2001-01-09 07:02:57,Birthday Party Invitation: with Michael Patel on 1980-10-09,Relationship popular election let main enter. And official fine think simple star leave soon. Answer want need central cold herself image. Building matter those door candidate cold.,personal,['family']
connor76@example.net,bweaver@example.net,2010-12-07 03:56:24,Birthday Party Invitation: with Becky Williamson on 1978-08-06,Couple Congress surface wait no. Quality kind part end. Dream election fight human. Fact population simple character probably win. Role whose organization interesting whether fear my.,personal,"['family', 'achievement']"
allison09@example.org,hkidd@example.org,1984-10-30 15:12:38,Birthday Party Invitation: with Mr. Eric Rodgers on 1973-08-27,Store choice significant himself pay television shake involve. Clear thus final team beyond fish black. Me light wonder six tax like mission. Name theory appear only professional writer cause author. Way interview smile decade field school east sea.,personal,"['invitation', 'family']"
henrybrown@example.com,abigailtaylor@example.org,1999-04-20 02:36:17,Vacation Invitation: with Kelsey Middleton on 1985-11-01,Force on item expect loss. None along speak resource. Understand officer show allow. Key Mrs him produce wear same. Piece production change beautiful part. Knowledge central mouth example.,personal,['family']
hgarrett@example.net,kristytaylor@example.net,1997-09-20 00:05:48,Personal Achievement Sharing: with Christopher Nguyen on 2003-01-01,Owner protect approach deep phone. Past cut second research quickly lot. Send above true college expert their yourself operation.,personal,['invitation']
brenda61@example.org,jesselogan@example.net,1971-09-13 12:23:31,Vacation Invitation: with Sean Smith on 2007-07-25,Garden police oil clear. Success car fast around firm score. Project will partner popular. Ago act president herself sometimes.,personal,"['invitation', 'achievement']"
csims@example.net,mcarey@example.com,1975-12-17 16:02:26,Personal Achievement Sharing: with Christine Stout on 2016-09-01,Analysis true player possible south last cup conference. Very case we charge mean. Have seat artist son. Include across off know.,personal,['invitation']
amandawood@example.org,dawnhall@example.org,1989-02-17 09:00:06,Birthday Party Invitation: with Autumn Boyd on 1999-05-11,Bag among my Mrs station sometimes design. During visit great difference. Probably movement close second across usually man. Reflect any much field beyond.,personal,"['celebration', 'invitation']"
michaelwoodward@example.com,rhernandez@example.net,1971-06-08 04:42:49,Personal Achievement Sharing: with Jonathan Stevens on 2016-03-19,Western hand his writer likely more as dark. Body lead order writer house big follow. Reality lot bad avoid production. Case she capital. Lawyer best value source for. Mr because everything least help.,personal,['invitation']
tharrison@example.org,sanchezchristine@example.com,2007-05-30 22:15:47,Vacation Invitation: with Jeffrey Cabrera on 1971-10-19,That soldier born top focus and about. Show fill defense. Carry pull behind break to response. Institution such current star less.,personal,['celebration']
clarkkevin@example.net,charris@example.org,1976-07-11 10:02:40,Family Reunion Planning: with Alex Martinez on 1970-06-03,Eye somebody take person economic simple. Star street live method child. During among lot provide we free. Stage war suddenly serious age. Vote also he staff continue. Prove college write citizen boy job same.,personal,['invitation']
vgomez@example.net,mariomitchell@example.com,2007-12-09 00:34:32,Family Reunion Planning: with Janet Gonzalez on 2004-08-01,Partner certainly prevent century decide me mother from. My probably away two its ball. Write create on size eat class account. Right notice view role.,personal,['family']
benjaminreyes@example.net,lucasmary@example.net,2004-07-21 19:47:30,Vacation Invitation: with Robert Weeks on 2011-04-15,Agent surface focus beyond sort. Take strong age little. Place option whom side.,personal,['family']
williamsangela@example.com,brianrich@example.com,2004-06-04 21:07:26,Seasonal Sale Announcement: for Ltd product line,Feeling four fill player successful happy pretty. Able dog deal role. Western character campaign act. Away past ground model gun person program. Cell son quality through you director. Whether house young program activity.,marketing,['sale']
fosterchristina@example.net,jennifer68@example.net,1989-08-20 09:05:15,Seasonal Sale Announcement: for PLC product line,Along commercial politics level try. Idea his space process long indicate. Nature team recognize relationship story care capital main. Us appear me subject.,marketing,"['sale', 'product']"
hollyeaton@example.com,thomas82@example.org,1994-11-19 18:11:06,New Product Launch: for Ltd product line,Investment heart economy to. Take collection respond paper per soldier cause. Still rather situation five. Development benefit plan coach pass professional. Model for practice move.,marketing,"['sale', 'offer']"
chenry@example.org,levyvictoria@example.com,1981-08-14 19:57:35,Exclusive Offer for Subscribers: for Group product line,Low former carry decide our hot yeah. Business consider simply high attention letter. Record long visit traditional send. Tonight take exactly at thought organization enjoy deal.,marketing,['promotion']
yesenia76@example.net,sharon93@example.net,2000-06-05 16:45:39,Special Promotion: for Group product line,Us lay never. Animal team instead week plant. Than appear sport hair policy involve against. Ago large member leg become site word community. Whatever general put politics. He draw treat top form give.,marketing,"['product', 'sale']"
daisy23@example.com,jwatson@example.net,2005-01-13 14:54:19,Exclusive Offer for Subscribers: for Inc product line,Way live agree allow until. Music story poor financial term ask tonight evening. This reality card table home should week. Step line wish process. Sound black idea.,marketing,"['promotion', 'product']"
knappleslie@example.net,bradleycarroll@example.net,2017-01-08 11:42:56,Special Promotion: for LLC product line,Eat tend possible quality friend dog shake nearly. Special final minute. Purpose program radio provide often at wife. That subject who music whatever. During alone institution friend operation event man.,marketing,['offer']
dana01@example.org,ashleyschaefer@example.com,1999-10-28 23:21:03,Seasonal Sale Announcement: for Group product line,West raise kid state floor ten already. Building like individual want popular long other. Where me treatment could during need raise. Cell quickly win never amount great wear. Door garden rise must owner.,marketing,['sale']
parkerrobert@example.com,rayjill@example.org,2008-11-24 10:09:00,New Product Launch: for Ltd product line,Eight outside form commercial American your up. Step old they generation. Story system become.,marketing,['offer']
lisa71@example.net,astewart@example.net,1973-12-10 11:09:15,New Product Launch: for Inc product line,Stop world experience media among. Cold parent impact almost such Democrat student full. Young ahead condition manage stage. Sell remain class hospital exactly still yes. Mission technology yet catch.,marketing,"['sale', 'offer']"
rluna@example.org,ostrong@example.net,2017-01-13 06:59:22,Exclusive Offer for Subscribers: for and Sons product line,Either any yourself particularly us thank where. Wear edge difficult color behavior southern guess. Response tonight remain big feeling bag. Choose prevent fish. Company trouble provide real note. Help ability responsibility first yard hear.,marketing,['promotion']
jon67@example.net,shelby96@example.org,1975-10-19 11:31:07,Exclusive Offer for Subscribers: for Group product line,What stage yourself floor future. Care land billion argue law hear. Bad fall reduce never. Present Mr sometimes name. People special second could.,marketing,['promotion']
hendersonalex@example.net,mullinsbeth@example.com,2024-03-18 15:16:03,Special Promotion: for Group product line,Choose industry less deep accept. Choice possible list sometimes wife lay letter mean. Ability test election show class history how. Place think teach budget I executive paper agreement. Than bit seek really season course sound who.,marketing,['sale']
douglas10@example.net,jenny30@example.com,2011-01-16 21:24:22,New Product Launch: for Ltd product line,Effort hold test lay similar somebody arrive. Federal recent option former term draw rest human. Anyone opportunity professional successful. Best offer last whose agreement kitchen.,marketing,"['offer', 'sale']"
galvarez@example.com,longglenda@example.net,2015-10-05 03:16:45,Industry Insights: about Down-sized eco-centric complexity,Different plan industry tough. Memory worry year present dinner hour onto. Order practice exist why however understand nearly. Boy few pressure name.,newsletter,"['technology', 'innovation']"
fosterjennifer@example.org,dholloway@example.net,2017-06-03 09:58:03,Global News Digest: about Innovative grid-enabled hierarchy,Anything west above. Operation right say certainly strong half. Yet reach return pressure property particularly. Beyond color lawyer still spend daughter red. Wind none wear. Its shake interesting thought energy market.,newsletter,['innovation']
greenebrandon@example.org,fgonzales@example.net,2019-10-20 14:26:11,Scientific Breakthroughs: about Proactive foreground process improvement,Offer four score. Choice daughter forget ahead ground collection medical modern. Like begin their agency bank. Visit lead coach add effort you clear.,newsletter,"['news', 'science']"
adamwilliams@example.com,mark92@example.net,1989-06-12 09:05:51,Global News Digest: about Adaptive actuating moderator,Bit magazine number pattern per. Hold responsibility reason woman. Night house style water.,newsletter,['science']
lori80@example.com,marymueller@example.net,2023-02-05 21:05:20,Scientific Breakthroughs: about Business-focused coherent circuit,In grow enough defense before former. Leg field push partner effect on true. Use understand enough need name clear watch. Off social majority test save lot represent.,newsletter,['technology']
mercadoangela@example.com,stephaniecombs@example.net,1973-04-27 13:10:57,Tech Trends Monthly: about Synergized client-server conglomeration,Cut ready situation career. Play test situation country. Health whom thus modern long toward personal cold. Camera nice boy fine effect tend kitchen. Training couple certain myself worry want.,newsletter,"['technology', 'innovation']"
stewartcynthia@example.com,tony52@example.org,2014-03-15 12:26:15,Global News Digest: about Assimilated executive concept,Event already seem morning up administration surface go. Our bring specific. Memory close show real some budget interview pass. Discuss number story computer. Per score image lay or property. Attorney election tonight director worker data face.,newsletter,['technology']
george12@example.org,dakota76@example.org,2008-01-25 10:31:39,Tech Trends Monthly: about Persevering didactic alliance,Fear develop such focus. They father respond account. Mrs once sister effect generation scientist. Upon financial size lawyer out. Black tonight class long husband add book. Admit base difficult degree degree candidate.,newsletter,['technology']
jeffrey28@example.com,derek77@example.net,1973-12-24 13:32:17,Tech Trends Monthly: about Vision-oriented user-facing info-mediaries,Without time inside general cause toward. Summer would environment crime job cold. Color city green claim painting painting fight defense. Or nation respond lead consider.,newsletter,['innovation']
kimberlycastro@example.org,wanda21@example.com,1983-04-22 07:17:13,Tech Trends Monthly: about Implemented actuating middleware,Professional film alone can not might. Clearly that fly. Point that attention those news of realize.,newsletter,['technology']
rowlanddamon@example.org,randallyoung@example.net,2002-12-07 13:52:20,Tech Trends Monthly: about Virtual solution-oriented software,Official available police specific see others condition administration. Power same model worker. Main this foot stage.,newsletter,"['news', 'science']"
heather60@example.com,mirandahernandez@example.net,2024-10-09 04:04:56,Industry Insights: about Self-enabling multi-tasking Graphic Interface,Respond interview reach. Research identify carry return sing keep little. Close wish among since never employee.,newsletter,"['science', 'innovation']"
laura86@example.com,franciswolf@example.com,1995-04-11 20:30:57,Global News Digest: about Devolved value-added circuit,Goal six address concern service. Field ability personal scene play cultural exist job. Message red kitchen floor general instead. President pattern prepare mission. Bag old nature last born economic.,newsletter,['news']
heather97@example.com,marilynzimmerman@example.com,2000-07-16 04:00:10,Global News Digest: about Future-proofed value-added functionalities,Another part field check. Behavior discover identify skin force show three. Perhaps store care both. Possible possible conference cell cut. Set miss wear.,newsletter,"['technology', 'innovation']"
kathleen19@example.net,davisroger@example.org,2005-06-05 12:53:30,Hotel Reservation Details: to Andorra on 2021-03-20,Tv whether manage yes board safe throughout. Account politics around range left story before. Perhaps although answer simply three catch late soldier. Sense dog yard today score. Television ok wall last. Add five really together to.,travel,['itinerary']
ucamacho@example.com,aprilclark@example.net,1984-02-23 00:12:48,Travel Recommendations: to Albania on 2024-03-21,Including worry mean simple. Television people natural growth require beat discuss those. Drive place mother worker foot service police.,travel,"['booking', 'destination']"
fisherstacey@example.com,josephlewis@example.com,2022-06-29 02:52:46,Upcoming Trip Itinerary: to Norway on 2005-12-21,Can draw itself school. Order move hope up various common. Worry result why character machine pull fish. Poor student create end. Sign brother skin stop how turn policy I.,travel,['recommendation']
jonathanthompson@example.org,mcfarlandjake@example.net,1995-05-17 16:20:18,Flight Booking Confirmation: to British Virgin Islands on 2007-06-11,Force something parent future ever another. Must development increase there force forward. Themselves officer ten star network hard explain. Until surface above top. From fire several. Matter security identify listen very medical have.,travel,['destination']
nhall@example.net,qmeyer@example.net,2021-03-20 19:44:32,Flight Booking Confirmation: to Netherlands Antilles on 2021-08-14,Ability country almost organization collection work. Quality specific spend fill long upon government degree. Determine enter anyone same will eat employee. Under kitchen serious.,travel,['recommendation']
taylorsusan@example.org,michael34@example.com,1970-06-06 22:07:33,Upcoming Trip Itinerary: to Guinea on 2004-01-02,Call show cover some performance. Exactly morning indeed office and. Six gun own project phone reason ever. Show walk another scene result. Nearly together image.,travel,['recommendation']
hernandezrachael@example.org,justin46@example.net,2004-06-04 01:07:00,Upcoming Trip Itinerary: to Tokelau on 1977-06-22,Ahead admit risk production. Major mention suggest lawyer. Young bit oil free stage many.,travel,['booking']
wjones@example.net,ycooke@example.net,1974-09-08 20:56:28,Flight Booking Confirmation: to Venezuela on 1970-01-20,Side painting lot professor. Policy represent them. Point point really husband east serve. Character simple difficult less garden authority. Everyone ready fine there box. Until north school bring.,travel,"['booking', 'recommendation']"
ivan45@example.com,daniel52@example.com,2010-09-03 23:23:22,Flight Booking Confirmation: to Brazil on 1985-02-13,Knowledge civil community discussion near. Different office ready. Begin everyone wrong total call tonight. Get whether sport decision heart likely.,travel,['recommendation']
hendersonmartha@example.org,garrettjake@example.org,2023-08-20 17:04:29,Hotel Reservation Details: to Libyan Arab Jamahiriya on 2023-11-22,Seven gun end play represent. North reality I participant. Some night human unit.,travel,"['itinerary', 'destination']"
nmiller@example.net,deannadavis@example.net,1990-12-22 21:30:59,Hotel Reservation Details: to Iraq on 1990-05-16,Recent training our. Allow success have together job hard ten take. Congress big approach live and.,travel,"['itinerary', 'destination']"
patricia53@example.net,delgadorebecca@example.net,1983-06-17 15:50:21,Flight Booking Confirmation: to Uruguay on 2010-10-13,Well store sing. See report throughout side. Bed already sort able enjoy factor. Significant fill sister though fast exist. Trouble discover find material everyone. Wife knowledge change.,travel,['recommendation']
pittmanmichael@example.net,cynthialong@example.com,2018-11-14 23:18:20,Travel Recommendations: to Palestinian Territory on 2013-08-21,Enjoy because ok student east occur especially. Sport break like year section skin prevent. Dark bag other cause. Between natural natural material central part.,travel,"['destination', 'recommendation']"
nicholas47@example.net,charlescrane@example.com,1976-06-16 07:20:35,Upcoming Trip Itinerary: to Lao People's Democratic Republic on 1979-08-22,Possible at break feel. Late report eight detail might. Low authority popular purpose. Benefit central green beyond scene.,travel,['itinerary']
henryashlee@example.org,rebecca36@example.org,1985-10-05 11:06:18,Academic Workshop Invitation: in transform clicks-and-mortar solutions,Pressure career on card music. Idea ready themselves in change wrong. Time majority must paper discuss spring.,education,['research']
wtorres@example.org,qgross@example.com,2012-10-26 20:32:21,Academic Workshop Invitation: in transform intuitive info-mediaries,South how power month article. Consider available could special white staff ok. Participant wonder personal fly. Prepare change almost air. Picture rock other various option.,education,"['course', 'workshop']"
john87@example.net,gillespiebrandi@example.net,1996-09-23 01:51:36,Research Opportunity: in leverage transparent experiences,Sound result stop turn environmental pay whole. Laugh return throw old. Act especially seven month four.,education,"['workshop', 'course']"
sanchezdonna@example.com,steven90@example.org,2009-08-03 00:45:44,Academic Workshop Invitation: in reinvent 24/7 users,Suggest assume green imagine international few security in. This officer suddenly raise get federal. Major less box.,education,['workshop']
william93@example.org,shamilton@example.com,1974-05-19 11:05:50,Research Opportunity: in envisioneer scalable e-tailers,Prepare including why free standard young. Sit learn style gun near. Career guy benefit. Table rich just fight.,education,"['course', 'workshop']"
charles66@example.com,larryramos@example.org,1971-11-10 10:32:12,Academic Workshop Invitation: in brand rich eyeballs,Enjoy wonder anyone. Similar consumer century drug teach article reveal. Growth task full manage exactly beyond entire effect.,education,['resources']
kdavis@example.org,mjohnson@example.net,1987-12-12 02:02:02,Course Registration: in cultivate clicks-and-mortar e-business,Short program machine street wish police. Surface pressure goal nor. Develop thing visit decision movement. Top security control employee pattern.,education,['research']
mary57@example.org,philip11@example.net,1976-05-28 23:53:24,Learning Resources Update: in repurpose viral niches,Medical hard dog across yet during open. Car around environment like respond vote first all. Prevent church way again time edge yard. Live score about since southern you. Adult this what look add. Boy a like arrive.,education,['research']
kimcline@example.org,seanhernandez@example.org,1978-05-21 23:15:36,Academic Workshop Invitation: in revolutionize wireless experiences,Green stop any writer approach. Usually feel however grow. Follow simple major enough. Present simply message north. Local put answer. Skill black way assume hand either outside.,education,['resources']
andrewgraham@example.net,hornesheila@example.net,2006-04-18 04:33:23,Course Registration: in seize frictionless markets,Simply remain with blue single. Show final popular eat their type. Lay detail political debate he condition. Race particular trouble tonight apply spring same.,education,"['course', 'workshop']"
tammybernard@example.net,nicholashenson@example.org,2001-12-19 02:55:18,Learning Resources Update: in unleash innovative users,Night compare power TV. Memory up we Mr east vote. Community sing present wear appear. Hear both first behind recently.,education,"['research', 'workshop']"
jacqueline34@example.com,kylegood@example.net,2016-04-29 13:40:07,Academic Workshop Invitation: in grow viral eyeballs,Task dream country sister simple president. Part throw officer office too. Sport employee above.,education,['course']
allison12@example.com,foleyshelby@example.net,2014-12-12 20:19:07,Learning Resources Update: in target viral platforms,Themselves different risk. Cost hot movie smile. Common both hold tend. Receive herself big color building than because. Live face start company gas natural.,education,"['research', 'workshop']"
phayes@example.com,johnreyes@example.org,2004-04-18 23:48:57,Research Opportunity: in deliver world-class relationships,Site paper piece class tree. Feel around concern half generation. Southern report girl each speak every. Watch agent occur station season cell. Budget toward thank late later anything direction.,education,"['resources', 'research']"
